time,normal_flux,error_flux
2460428.4701988143,1.0003885210800925,0.001577270888258626
2460428.4703043685,1.003183884624807,0.0015713748532025992
2460428.470409923,1.0038315831973326,0.0015740927517697528
2460428.4705154765,1.0026001849585067,0.001572675200043437
2460428.4706210303,1.0002084708512784,0.001576976356751491
2460428.4707265845,1.004788001479949,0.001562760855967109
2460428.470832139,0.996925902019036,0.0015780762877386678
2460428.4709377047,1.0014529207919973,0.001568500651463426
2460428.471043259,0.9994639102025049,0.0015719134389653477
2460428.471148812,1.003118872728611,0.0015630946554793567
2460428.4712543665,1.0017855314291575,0.0015686101939277762
2460428.4713599207,0.9959077261442129,0.0015741330012654852
2460428.471465475,1.0020886471146073,0.0015649143367992098
2460428.471571029,1.0000376102253064,0.0015749329015967983
2460428.4716765834,0.9993010602785741,0.0015853914120363339
2460428.4717821367,1.002341709676417,0.0015731577945478261
2460428.471887691,1.0003716508248557,0.0015728868862664657
2460428.471993245,0.9992630535884535,0.0015746214515751258
2460428.4720987994,1.0039795176332202,0.0015556207464900366
2460428.4722043537,1.0005119905761417,0.001568542146837719
2460428.472309907,1.000213668267285,0.0015692735451045305
2460428.472415461,1.0023356984813152,0.0015705536892226498
2460428.4725210154,0.9987794762551587,0.0015749194887933313
2460428.4726265813,1.0026876289358646,0.0015610126509658332
2460428.472732136,1.000701650373642,0.0015660067098805697
2460428.472943243,1.0038443460403887,0.0015602159529734358
2460428.4730487973,1.0008521639251513,0.0015651830436958691
2460428.473154352,1.0015518113401722,0.001559741279474016
2460428.473259906,0.9992012772029133,0.0015680197536768533
2460428.47336546,0.9978298454438495,0.0015658957529318175
2460428.4734710134,0.9934832956377165,0.0015847958021749412
2460428.473576568,1.0031065079590387,0.0015607966561291139
2460428.473682122,0.9968514039662761,0.0015734499285362045
2460428.473787676,0.9953035579316362,0.0015725327731735046
2460428.4738932303,0.9993613302255491,0.0015672096735839796
2460428.473998785,1.0026043255011665,0.0015582520385083733
2460428.474104338,0.9982019810506542,0.0015701218845569547
2460428.474209904,1.0009154210036144,0.001567533413631201
2460428.474315458,1.0019548436601267,0.0015562933295007715
2460428.474421012,1.0005875170561311,0.0015632885125154157
2460428.4745265665,0.9985910154674684,0.0015682420201121555
2460428.47463212,1.0029702925863508,0.001554234248875105
2460428.474737674,0.9988119258764849,0.0015671996326873327
2460428.474843228,0.9985000045885506,0.001570189294028809
2460428.4749487825,1.004011820100045,0.001551870891363952
2460428.4750543367,0.9949245756119508,0.0015731207853527471
2460428.475159891,0.9997529780511147,0.0015628935086290188
2460428.4752654443,1.0025814399606248,0.0015560820994113252
2460428.4753709985,1.0014937765363754,0.001556089459713085
2460428.4754765527,0.9959013498566487,0.0015676377863774128
2460428.475582107,1.0017533891236525,0.0015586125101080565
2460428.475687661,1.002455211920529,0.001557742827068803
2460428.475793215,1.0029665750013923,0.0015557935413374928
2460428.4758987688,0.9994190593738661,0.0015593683679248017
2460428.4760043346,1.0002546349589243,0.0015621308186124674
2460428.476109889,1.0047023627996494,0.0015533437329479437
2460428.476215443,0.9995227599061378,0.001567469231260388
2460428.4763209973,1.0000560919572714,0.0015634156376590853
2460428.4764265507,1.0044404500233064,0.0015538079795979997
2460428.476532105,1.0020060203568142,0.0015556865280617173
2460428.476637659,0.9952935574542893,0.0015718994633383875
2460428.4767432134,0.9982090729529121,0.0015632307958271111
2460428.476848768,1.0005804807721919,0.0015657854055578363
2460428.4769543214,0.9998299311919894,0.0015637744507535213
2460428.477059875,0.9983512052757963,0.0015618497412815176
2460428.4771654294,1.004624308747582,0.001551738540895407
2460428.477270984,0.996559216532215,0.0015673016787265237
2460428.477376538,0.9964844515632973,0.0015657132819130433
2460428.477482092,0.9982013457203593,0.001564700910826669
2460428.477587646,1.0012659658047296,0.0015561478652884873
2460428.4776932118,1.0040752272308535,0.0015530282330998828
2460428.477798765,1.0006269824538079,0.0015632626233216282
2460428.47790432,0.9962683511279904,0.001573385894261407
2460428.478009874,1.002013992801892,0.0015593263412439656
2460428.478115428,1.0009808051368518,0.0015582783146497528
2460428.478220981,1.0011419999865765,0.0015602249713141563
2460428.478326536,0.996743040452865,0.0015714349700919014
2460428.47843209,1.0006687804648167,0.0015672264465483587
2460428.4785376443,0.997031102694121,0.0015764891966497175
2460428.478643198,0.9994427745460202,0.0015752462117101268
2460428.4787487523,1.0041366130062197,0.001559531335755035
2460428.478854306,1.0039320164940397,0.001556980097073729
2460428.4789598603,0.9983287896697144,0.0015726570644753856
2460428.4790654145,0.9980079267574409,0.0015742819268868991
2460428.47917098,1.0028828382915713,0.0015594022746717878
2460428.479276534,1.0021574355611973,0.0015657019822117148
2460428.479382088,1.000877445262977,0.0015633591043625913
2460428.479487642,0.9980803565247278,0.0015671466008973295
2460428.4795931964,1.0019354084973575,0.0015624750630826108
2460428.47969875,1.003252917967257,0.0015573684780956928
2460428.4798043044,1.001674074431012,0.001566128624548165
2460428.479909858,0.9984688592019169,0.001576410563062254
2460428.4800154124,1.0011719394683554,0.0015627737655801212
2460428.4801209667,1.001705408332696,0.0015596695870000827
2460428.480226521,0.9977867023651785,0.0015691294282547785
2460428.4803320747,0.997623305907839,0.0015686605768029471
2460428.480437629,1.0024745249514968,0.00156134753352264
2460428.4805431827,1.0042112679891029,0.0015554237070137958
2460428.480648737,1.0005537627869348,0.001562717553169159
2460428.480754291,1.004458377159488,0.001550434005215918
2460428.4808598566,0.9961695295138893,0.001566651399516927
2460428.480965411,0.9956409047771112,0.0015735474772735998
2460428.4810709646,1.003752303929231,0.0015573801873567466
2460428.481176519,0.9980144172763734,0.001567256704174597
2460428.481282073,1.0036223994455435,0.0015532356053114251
2460428.481387627,1.0031926919839493,0.0015596638598054352
2460428.481493181,0.9989132044196356,0.0015647236039685608
2460428.481598736,1.0000964701157966,0.001566296930091848
2460428.481704289,0.9983458513340913,0.0015634452165843322
2460428.481809844,0.9973108321451898,0.0015663529320636292
2460428.481915397,0.9969698012504296,0.0015680661249867982
2460428.482020952,0.9987577194837116,0.0015672863164153926
2460428.4821265056,1.0031821705522748,0.0015582647022499966
2460428.48223206,0.997669918963892,0.0015790077606010128
2460428.4823376136,0.9978191750565213,0.0015767227099467182
2460428.482443168,0.997247135894342,0.001572605518427054
2460428.482548733,1.0009475991308718,0.00156215897522222
2460428.4826542875,1.0043831018808906,0.0015597326862579369
2460428.4827598417,1.0045839448865062,0.0015581836696106999
2460428.4828653955,0.9993155250378796,0.0015679160571983213
2460428.4829709493,0.9966938116546715,0.0015758193824675958
2460428.4830765035,0.9984670807450324,0.0015786538535489591
2460428.4831820577,1.0031588144958146,0.0015647599423813019
2460428.483287612,0.9996651385967474,0.001571629797989111
2460428.483393166,0.9998285278054571,0.0015745509302183757
2460428.4834987195,0.9977635112023893,0.0015761358373914624
2460428.4836042738,1.0005923208340262,0.0015718296426739246
2460428.483709828,0.9982770484501196,0.001573368930454444
2460428.4838153822,1.0050235089434978,0.0015568886475654693
2460428.4839209365,0.9968485808992631,0.0015775099846378916
2460428.4840264902,0.999505162832131,0.0015730044815951735
2460428.484132056,1.0026277133954726,0.0015694645604817999
2460428.48423761,0.9986856021113595,0.0015770406235345279
2460428.484343164,1.0012059050753104,0.0015666839250974825
2460428.4844487184,0.9988561458368306,0.0015717168635047804
2460428.484554272,0.996280991671292,0.0015782592588623554
2460428.484659826,1.0003764014635925,0.0015685256525834763
2460428.48476538,0.9979074407155999,0.0015691378690040649
2460428.4848709344,1.0001525606952189,0.0015700188570404946
2460428.4849764886,0.9994918992763733,0.001570584834192206
2460428.4850820424,0.9984684855109807,0.001571270395554967
2460428.4851875966,0.9977811651312456,0.001576747395298086
2460428.4852931504,1.004320771771355,0.0015658039652395052
2460428.4853987047,1.0021519150986609,0.0015664217112273452
2460428.485504259,0.9979144261252502,0.001576913775534955
2460428.4856098127,1.0010000578947786,0.0015740108882916983
2460428.4857153785,0.9981036907568797,0.0015783210095891669
2460428.4858209323,1.0015660280911125,0.0015756823649878148
2460428.4859264866,1.0010405465084822,0.0015754808341197372
2460428.486032041,0.9990022514111676,0.0015761934450816307
2460428.4861375946,1.0019510770626792,0.0015714631803646518
2460428.486243149,1.0014698339097639,0.0015757500175576848
2460428.486348703,1.0014572954849814,0.0015720642227076836
2460428.486454257,1.0004973112930162,0.001571161518885399
2460428.486559811,0.9958352355189309,0.0015807367503061847
2460428.486665365,1.0021047097928593,0.0015673625877779744
2460428.486770919,1.0035602928544467,0.001568142415734827
2460428.4868764733,1.0005745685810195,0.001573267620260609
2460428.486982027,1.0045721141611854,0.0015647222270799952
2460428.4870875813,1.0020584995965742,0.0015656422544603925
2460428.487193135,1.0014800601731741,0.0015671359703958278
2460428.4872986893,0.998976003461965,0.0015732053240303842
2460428.487404244,1.0032385801291313,0.0015659890979299554
2460428.487509809,0.9975292111209357,0.0015763191134434992
2460428.487615363,1.0005038822878585,0.0015793849878094634
2460428.487720917,1.0007232418524112,0.0015745185803060697
2460428.487826471,1.000022425947289,0.0015761427469781033
2460428.487932025,1.0007555009883893,0.0015767966763629516
2460428.48803758,0.9993697503486167,0.0015806844383546143
2460428.488143133,0.9971247886285031,0.0015855522156883726
2460428.4882486872,1.0037779099059785,0.001573109678299578
2460428.488354241,0.997829771446086,0.0015832026992420739
2460428.488459796,0.9972282939096941,0.0015823132586244137
2460428.48856535,1.0002328802210436,0.001578537552892283
2460428.488670904,0.9995598028486987,0.0015781129362955418
2460428.488776457,0.9984819804779048,0.0015812277837564165
2460428.488882012,1.0025865898230826,0.001569338179534585
2460428.488987566,0.9945699671048835,0.0015907759109627228
2460428.48909312,1.0049238719208229,0.0015677131430137776
2460428.489198674,1.0001506993423264,0.001576544437489472
2460428.489304228,0.9953300322083778,0.0015895951821188223
2460428.4894097936,1.0022941637984857,0.0015703498210798458
2460428.489515348,1.004225488117483,0.0015673018913166482
2460428.489620902,0.9959072682156833,0.0015780836661378427
2460428.489726456,1.0009500266648093,0.0015759387347670866
2460428.48983201,1.0031608279811712,0.0015713923442038887
2460428.489937564,0.9985633030589545,0.0015814130472868366
2460428.490043118,0.9984741875169734,0.001580293641402099
2460428.4901486724,0.9979584663310246,0.0015881930201215003
2460428.490254226,0.9978972474446719,0.0015879363580847978
2460428.4903597804,0.9983630032084341,0.00158885735640812
2460428.4904653346,0.9990755215559688,0.0015866839901994686
2460428.4905708884,1.0005740476482938,0.00158084980938684
2460428.4906764426,0.9925440009556054,0.0016017269129976971
2460428.4907819964,0.9991337470038488,0.0015921804325336093
2460428.49088755,0.9995207619232831,0.0015830441569626209
2460428.490993105,1.0020078973428166,0.0015887278617885648
2460428.4910986703,0.995827483893088,0.0015949550342840796
2460428.491204224,0.995237093226429,0.0016027255297627703
2460428.4913097783,1.0003070073545963,0.0015834638237941828
2460428.4914153325,0.9991362106691459,0.001589174571037083
2460428.491520887,0.996152774423831,0.0015962612807559958
2460428.491626441,0.9975510483964725,0.001594941477581453
2460428.4917319943,0.9960830072589308,0.0015965249980616303
2460428.491837549,0.9939992989459934,0.0016035995367445664
2460428.491943103,0.9959499992959722,0.0015916488442204984
2460428.492048657,0.9934666834550729,0.0016054418377093869
2460428.4921542117,0.9964488414501815,0.001598094457405436
2460428.492259776,0.9974137609219218,0.001593950566999362
2460428.492365319,0.9963487640353408,0.0015962430740661731
2460428.492470873,0.9923010365773739,0.001606142983127556
2460428.4925764278,0.9925729626696043,0.001604646927658135
2460428.4926819927,0.9956811362989249,0.0016015380487970094
2460428.492787547,0.9945220283831548,0.0016064035778928212
2460428.4928931007,0.9929370617022812,0.0016156632011214032
2460428.492998655,0.9960147306192744,0.0015977047124431194
2460428.493104209,0.9967165456924343,0.001597249185069886
2460428.493209763,0.9935036701242141,0.0016001266830478727
2460428.493315317,0.9924276808295571,0.0016066556131082738
2460428.4934208714,0.9925223809999876,0.0016033615528430187
2460428.493526425,0.9904834192886164,0.0016087420086402585
2460428.4936319795,0.9927075278516782,0.0016076567999648188
2460428.493737533,0.996541650196688,0.0016010979367881164
2460428.4938430875,0.9958724808707853,0.0016002808499110926
2460428.4939486533,0.9917126175190845,0.0016103942227265933
2460428.494054207,0.9904924623193477,0.0016097907480136723
2460428.494159761,0.9875657338476703,0.001617498021864665
2460428.494265315,0.9905301619136123,0.0016092142696345338
2460428.4943708694,0.9874250952433482,0.0016228942301189082
2460428.494476424,0.9918695213560529,0.0016089649115876886
2460428.4945819774,0.9871895917449584,0.0016205754285235712
2460428.494687531,0.989210829358856,0.0016162585238368847
2460428.4947930854,0.987856540901594,0.0016213673005929315
2460428.49489864,0.990931698527729,0.0016148817061262984
2460428.495004194,0.9882225791079695,0.0016187949866863108
2460428.495109748,0.9883481203439638,0.0016233335052322625
2460428.4952153014,0.9908280091336601,0.0016102325669141168
2460428.495320856,0.9877397693601345,0.001618888381972483
2460428.49542641,0.9870746568511587,0.001628605215422872
2460428.495531964,0.987387065268667,0.0016314405611087912
2460428.495637518,0.9837902003979516,0.0016404872992003946
2460428.495743084,0.9874623870887846,0.0016252769096562437
2460428.495848626,0.9870954641127982,0.0016297728339511764
2460428.495954192,0.9873174686230575,0.0016244459926115313
2460428.496059734,0.9818618529039811,0.0016427687397871133
2460428.4961653,0.9830114695913805,0.0016392445461101725
2460428.496270854,0.985159593730669,0.0016378025592087694
2460428.496376408,0.9869740114494293,0.0016337376284525074
2460428.496481962,0.9835538288214253,0.00163882036007854
2460428.496587516,0.9830472257146198,0.0016416590576287177
2460428.49669307,0.9847385768561888,0.0016323801999994073
2460428.4967986243,0.9835996014974794,0.0016433831195713643
2460428.4969041785,0.983958086602556,0.0016447855113112385
2460428.497009732,0.9811839982016178,0.0016448321075920218
2460428.497115286,0.9826492257388517,0.0016472477490960596
2460428.4972208403,0.9829212125517366,0.00164071619188127
2460428.497326406,0.9857300880442412,0.0016334177149548814
2460428.497431949,0.9818773014595265,0.0016407073032076636
2460428.4975375137,0.9824412308914885,0.001644526168875752
2460428.497643068,0.9778795900928101,0.001657830381278506
2460428.497748622,0.9800575770371132,0.001646251333671551
2460428.4978541764,0.9821600232588855,0.0016382548389110836
2460428.49795973,0.9789182917930493,0.001650120589772267
2460428.4980652845,0.9845525744412278,0.0016359935157514063
2460428.498170838,0.9812676554288744,0.0016395543525552709
2460428.4982763925,0.9770796409661909,0.0016599133786663297
2460428.4983819467,0.9785082006020502,0.0016554578123552746
2460428.4984875005,0.9774197813819158,0.0016614161615685122
2460428.4985930547,0.9807950674258978,0.001649268451428946
2460428.498698609,0.9770972685708128,0.0016604548223361259
2460428.4988041627,0.979716705392884,0.0016521382930057848
2460428.498909728,0.9812834679800295,0.0016435325444906963
2460428.4990152824,0.9801426311464604,0.0016431561021471187
2460428.4991208366,0.9776945200903194,0.0016507356176210487
2460428.499226379,0.9814472149909235,0.0016472585614231814
2460428.499331944,0.9744932214843685,0.0016663944086565178
2460428.4994374984,0.9760368480662688,0.0016574820171759812
2460428.4995430526,0.977741823771988,0.0016544248136092928
2460428.499648607,0.9783028516372375,0.0016501133713350896
2460428.499754161,0.9721625661625158,0.0016665501817251442
2460428.499859715,0.976311574302117,0.0016608135130096965
2460428.4999652687,0.9789797949268417,0.001648084281346948
2460428.500070823,0.9774564853529208,0.001656414327768157
2460428.500176377,0.9833799809678632,0.0016524415892796313
2460428.500281931,0.9753889744930933,0.0016695774470324035
2460428.500387485,0.9783366144221789,0.0016561650067434047
2460428.5004930394,0.9758224304131862,0.0016601719968054114
2460428.500598593,0.9726112151883233,0.0016716213291135477
2460428.500704159,0.9763240491614925,0.0016701566359206778
2460428.500809701,0.9766064750041472,0.001660545982105111
2460428.500915267,0.9725898529670318,0.0016659008566722413
2460428.5010208096,0.9735537377685608,0.0016645890736058393
2460428.501126375,0.9778684296620928,0.0016666126184750683
2460428.501231929,0.9665993983872284,0.0016894528059037055
2460428.501337483,0.9780017798133166,0.0016595117816422197
2460428.5014430373,0.9755236377124455,0.001661834884190148
2460428.5015485915,0.9726560330373365,0.001674916462603068
2460428.501654145,0.9757861048215082,0.0016689597091803104
2460428.501759699,0.9757636829338354,0.001662215584230193
2460428.5018652533,0.976130220299877,0.0016659588167956545
2460428.501970808,0.9717872182411262,0.0016750817083621156
2460428.5020763613,0.9760486958365742,0.0016617767670618435
2460428.5021819267,0.9740648959363488,0.0016703848321298032
2460428.5022874693,0.9758460869225413,0.0016589864702022652
2460428.502393035,0.9738453852457818,0.0016671988208247798
2460428.502498589,0.975978642820333,0.0016599599893105698
2460428.502604143,0.9734792741660365,0.0016661608562578598
2460428.502709697,0.9693602651550371,0.0016750975865478367
2460428.5028152512,0.9792702480654163,0.0016516010312033573
2460428.502920805,0.9726641410341312,0.0016679923779185537
2460428.5030263592,0.9712666977195947,0.0016744940517285783
2460428.503131913,0.9749519266237145,0.0016642630418274998
2460428.503237468,0.9750361964882321,0.0016543707387768971
2460428.503343022,0.9708308514840173,0.0016683500356142458
2460428.5034485757,0.9695187732675391,0.0016742590608242313
2460428.503554129,0.9711500512439087,0.0016704449638023794
2460428.503659684,0.9756461040376506,0.001662999588284999
2460428.503765238,0.9688739042628496,0.0016734140566259032
2460428.503870792,0.9706798131868148,0.0016762235091434573
2460428.503976357,0.9720612373727079,0.0016713011623847663
2460428.5040819,0.9694928544714515,0.0016804578654656959
2460428.5041874656,0.971693355183668,0.001673717916659481
2460428.504293008,0.9751291835496301,0.0016654761775764984
2460428.5043985737,0.9700564200501741,0.0016722026992021266
2460428.504504128,0.9749441786813832,0.0016670562639751227
2460428.5046096817,0.9725951420533592,0.00167062266160523
2460428.504715236,0.9755294422194077,0.0016633446089083126
2460428.5048207897,0.9706174528635187,0.0016703042314652357
2460428.504926344,0.9699594441355884,0.0016726413689975115
2460428.505031898,0.9738436354838009,0.0016635783048077654
2460428.5051374524,0.9700848042736987,0.0016685589071755895
2460428.5052430057,0.9744239571457273,0.0016615065664726525
2460428.50534856,0.9734226401783672,0.0016666077613956326
2460428.505454114,0.9698396382667088,0.0016704661410490331
2460428.50555968,0.9716997787168424,0.0016686000936317192
2460428.505665222,0.9723383133468682,0.001671880038303071
2460428.505770788,0.9710429008575538,0.0016708847897218765
2460428.505876342,0.9693384494660701,0.001679960794286515
2460428.505981896,0.9750168279756843,0.0016667881907122108
2460428.50608745,0.9681386420801434,0.0016816699588234224
2460428.506193004,0.9694568317681295,0.0016729416991939608
2460428.5062985583,0.9689203661463229,0.0016750991097202773
2460428.506404112,0.9714798629948062,0.001667514055961705
2460428.5065096663,0.9737268443188226,0.0016608085470450412
2460428.50661522,0.9660061975031456,0.001685463805368954
2460428.5067207743,0.9740421449369294,0.0016590106827774386
2460428.5068263286,0.972120334718379,0.0016631225148448425
2460428.506931894,0.9730917168074811,0.0016619184907383788
2460428.507037436,0.9681903917420371,0.0016678594634990597
2460428.5071429904,0.9716924702542143,0.001663983204274591
2460428.5072485446,0.9687685189245453,0.001670036724730839
2460428.5073541105,0.9708183740817561,0.0016720383664290699
2460428.5074596526,0.9706203095358799,0.001663838824741002
2460428.507565218,0.9706541617204173,0.0016667679745461163
2460428.5076707606,0.9692116755767328,0.001671028804888035
2460428.5077763265,0.9712501595269198,0.0016746774176740905
2460428.5078818803,0.9722379138299446,0.0016597012016134032
2460428.5079874345,0.9700380273565528,0.0016676612621111268
2460428.5080929887,0.9742786455987732,0.0016590566096623524
2460428.5081985425,0.970560572006729,0.0016598515364074286
2460428.5083040963,0.9691733210067345,0.001662695656989439
2460428.5084096505,0.9679951877046097,0.0016642687392990354
2460428.508515205,0.967686085694238,0.001663854015368473
2460428.508620759,0.9676955998992125,0.0016683652892081951
2460428.508726324,0.9712065594516676,0.0016567309092854307
2460428.5088318666,0.9672619518825097,0.0016622804898012342
2460428.5089374324,0.9686165536141311,0.001663879316977358
2460428.509042975,0.9695070798315607,0.0016598262075939202
2460428.5091485404,0.9662208313949942,0.0016658221217191501
2460428.509254094,0.9712356945040794,0.0016630629336367932
2460428.5093596485,0.9679204307685575,0.0016629756302414848
2460428.5094652027,0.9699101038019557,0.0016632887257442912
2460428.5095707565,0.9666625317210825,0.0016661700686102065
2460428.5096763107,0.9678204777076518,0.0016666639784698718
2460428.509781865,0.968358215508631,0.0016626503191278306
2460428.5098874187,0.9657774844633453,0.0016711016666148667
2460428.5099929725,0.9710613267344972,0.0016588139479023591
2460428.5100985267,0.9660289070524771,0.0016620735640771871
2460428.5102040926,0.972930202819895,0.0016495401344537037
2460428.510309635,0.9694288300213938,0.0016588050861519033
2460428.5104152,0.9699532296693769,0.0016595723422356838
2460428.5105207544,0.9676587683996966,0.0016631919270662665
2460428.5106263086,0.9674549636282609,0.001666169757385034
2460428.510731863,0.9699324789331134,0.0016627409923395116
2460428.510837405,0.9689849126776101,0.0016659347395801428
2460428.510942971,0.9696173695348554,0.0016632328404420286
2460428.5110485246,0.9681169417663881,0.0016689854509416913
2460428.511154079,0.9652726005531399,0.001672169296743161
2460428.5112596327,0.967031672609976,0.0016665109350361717
2460428.511365187,0.9726446817070562,0.001651138236448358
2460428.511470741,0.9662722843630503,0.0016704931649446887
2460428.511576296,0.9669808652547146,0.0016632596437820529
2460428.5116818487,0.9699225207185792,0.001657860215221979
2460428.511787403,0.9691134438889087,0.0016580518590899645
2460428.511892957,0.9694895212436683,0.0016586908212803356
2460428.5119985114,0.9662211209997561,0.0016704258231853826
2460428.512104065,0.9661236041589297,0.001663380903228531
2460428.5122096194,0.9686896099206356,0.0016588000589627195
2460428.512315173,0.9670696223603137,0.0016678203500631907
2460428.512420739,0.9707054595862046,0.001654940267622207
2460428.512526293,0.9658127764654488,0.0016678961297534065
2460428.512631847,0.967742814300817,0.001662588018522786
2460428.5127374013,0.9678453188876471,0.001668186469762093
2460428.512842955,0.967171856902451,0.0016749168866108533
2460428.512948509,0.9676776272452123,0.001667210059652811
2460428.513054063,0.9660782750624932,0.001668603636251685
2460428.5131596173,0.9677538795950884,0.001666342493588758
2460428.513265172,0.9674540341694964,0.0016725294481397199
2460428.5133707253,0.9712831879793968,0.001671596262993102
2460428.513476279,0.9675720022554422,0.0016702957865832083
2460428.5135818333,0.967768091900833,0.0016685708158743376
2460428.513687388,0.9660478080431569,0.0016791554910745759
2460428.513792953,0.9681122024154638,0.0016738750652484343
2460428.513898507,0.9678315024470442,0.0016735976454598806
2460428.514004061,0.9689690096543752,0.0016643149903051578
2460428.5141096152,0.9669442329993987,0.001673300765260642
2460428.514215169,0.9615393661810342,0.0016897184880653715
2460428.5143207232,0.9662441842873354,0.0016795498848857198
2460428.514426277,0.9640872132600552,0.0016791601063144426
2460428.5145318317,0.9691496287159614,0.0016646949463825255
2460428.514637385,0.9656057985684873,0.001677144133042783
2460428.5147429397,0.9684114997015429,0.0016712501467719602
2460428.514848493,0.9662042126040781,0.0016701227420027847
2460428.5149540477,0.966767307109692,0.0016675416624009774
2460428.515059601,0.9642000178160345,0.0016758716364118388
2460428.515165156,0.9678148223307669,0.001665639739049409
2460428.515270709,0.9686920839782904,0.0016622643538129942
2460428.5153762638,0.9708724927729061,0.0016562686156043175
2460428.515481817,0.9671417956959331,0.0016671912365463584
2460428.515587372,0.9692117119635663,0.0016660886208174624
2460428.515692926,0.9652782995823933,0.0016793824141279996
2460428.515798491,0.9689943038797307,0.001664706450006244
2460428.5159040336,0.9625962011855475,0.001676669723575371
2460428.5160095994,0.9643438422348853,0.0016786215605911227
2460428.5161151537,0.9641852522899568,0.0016759373461239684
2460428.5162207074,0.9665132565223696,0.0016732022021329752
2460428.516326261,0.9695780866546129,0.0016690878975514855
2460428.5164318155,0.9639153483460027,0.0016743459801265965
2460428.5165373697,0.9632677193216894,0.0016850704864779691
2460428.5166429235,0.9626486649386866,0.001682377000811703
2460428.5167484777,0.9652331141774455,0.0016777526556238324
2460428.516854032,0.9671352969493191,0.0016695929032495528
2460428.516959585,0.9652464429700477,0.0016831376801044408
2460428.5170651395,0.9674152654534163,0.0016756302148841205
2460428.5171707054,0.9655467888374438,0.00168053583792177
2460428.517276248,0.9656693931828334,0.0016835854176720283
2460428.5173818134,0.9682335126686171,0.0016743967548238532
2460428.517487356,0.9652331580395903,0.0016802306603926293
2460428.5175929214,0.9671927130776405,0.0016766640939105996
2460428.517698476,0.9691215241124813,0.0016713861506287907
2460428.5178040294,0.970389725573974,0.0016637925638713963
2460428.517909584,0.9662197177245488,0.0016822451395166215
2460428.518015138,0.9653386074046727,0.0016770724440966233
2460428.518120692,0.964230387068234,0.0016865921384722033
2460428.5182262454,0.9654647966334785,0.001675146056167252
2460428.5183318,0.9624069458588592,0.0016891030793879335
2460428.518437354,0.9679018243448174,0.001671901422118447
2460428.518542908,0.9648800471164356,0.0016776840800143877
2460428.518648462,0.9663200429429681,0.0016774346032334417
2460428.518754028,0.9665670995110464,0.0016825957378339119
2460428.5188595816,0.9658882502343319,0.001682401454277604
2460428.518965124,0.9651869407351269,0.0016791252263341479
2460428.519070678,0.9648544134600994,0.0016843737082652209
2460428.519176244,0.9685652329135799,0.0016660895413605336
2460428.5192817976,0.9664853913067535,0.001675750964516744
2460428.519387352,0.9624613851896349,0.001677289384262626
2460428.5194929056,0.9654310700632857,0.0016743450714668594
2460428.51959846,0.96755750553694,0.0016692289800152248
2460428.519704014,0.9670167577913586,0.0016678926274649444
2460428.519809568,0.9611082848434551,0.0016801745034107107
2460428.5199151216,0.9682210874123989,0.001670328931141862
2460428.5200206875,0.9688285664767852,0.0016667832572157633
2460428.5201262413,0.964893769849591,0.0016762561816812337
2460428.520231784,0.9641230881769546,0.0016777457735527258
2460428.520337338,0.9685964286398538,0.0016695976026200752
2460428.5204429035,0.9646286476311919,0.0016745473664291847
2460428.5205484573,0.9658955511581248,0.0016695479532321804
2460428.5206540115,0.9627205669267973,0.0016817984458758776
2460428.520759554,0.9659506698855136,0.0016770158226145273
2460428.5208651084,0.9657660422375042,0.0016784616851818288
2460428.5209706738,0.9653055969803476,0.0016811164242176635
2460428.5210762275,0.9656131721387606,0.0016771982520838813
2460428.52118177,0.9682914999192358,0.0016779660187409618
2460428.521287336,0.9671239643468228,0.0016751900768437282
2460428.52139289,0.9660764222188339,0.00167665729283632
2460428.521498444,0.9651984729478417,0.0016795181782567716
2460428.5216039983,0.9678570458376642,0.0016726641851880569
2460428.521709552,0.9607980156894246,0.0016947221234708536
2460428.521815106,0.9649911283730419,0.0016814405268143712
2460428.52192066,0.966538355197433,0.0016782276014685943
2460428.5220262143,0.965152096415227,0.0016804078306671174
2460428.522131768,0.9665455309234687,0.0016770068683769086
2460428.522237333,0.9689397536989033,0.0016668322023437588
2460428.522342888,0.9629787398786622,0.0016818487038882638
2460428.52244843,0.9635958190595876,0.0016797581113366727
2460428.522553984,0.9682416781097871,0.0016663706044414885
2460428.52265955,0.9613242337700216,0.0016828555300047027
2460428.522765104,0.9678417823080298,0.0016686314207088756
2460428.522870657,0.9668021929422715,0.0016738649127533672
2460428.522976212,0.9671173462270332,0.001673228205300136
2460428.523081766,0.9670394780051649,0.0016718065824762932
2460428.52318732,0.9637152556916341,0.0016787491767915493
2460428.523292874,0.9672804962585572,0.0016677336292070706
2460428.523398428,0.9649221195132536,0.0016807843157777042
2460428.523503982,0.9649172450270816,0.0016774651559670955
2460428.5236095474,0.9661205319109641,0.0016766231475449586
2460428.5237151016,0.967807652219646,0.0016687001471643067
2460428.523820644,0.9662649282372539,0.0016692920082473923
2460428.5239261985,0.9639697535006989,0.001677276380448861
2460428.5240317634,0.9617988574960892,0.0016835140856535685
2460428.5241373177,0.9695862369142765,0.0016645251711242363
2460428.524242872,0.9631709071585354,0.0016786122434918592
2460428.5243484145,0.9659048735950565,0.0016754986513835136
2460428.52445398,0.9655435216201683,0.0016728761149548202
2460428.5245595337,0.964879625214256,0.0016740262193539403
2460428.524665088,0.9671839206913102,0.001670373154769036
2460428.5247706417,0.9657455715226424,0.0016751346612895817
2460428.524876196,0.9681010452406932,0.0016702805674812967
2460428.524981762,0.9657677814027157,0.0016741930585378896
2460428.525087316,0.9634302640797957,0.0016772060509658731
2460428.5251928577,0.9662246169438748,0.0016721704653384962
2460428.525298412,0.961449059097669,0.0016826286655365643
2460428.525403978,0.9633581023528452,0.001679865277820244
2460428.525509532,0.9637962846176928,0.0016742617447968859
2460428.525615074,0.9701666094590191,0.0016621760520501227
2460428.5257206284,0.9619277843610979,0.001675167419002709
2460428.525826194,0.9690729868555353,0.001662406637205459
2460428.525931748,0.9630805621070819,0.0016814589159970161
2460428.526037302,0.9686716854102381,0.0016665400138422613
2460428.526142856,0.9667148951408576,0.0016687368633382755
2460428.52624841,0.9651928419580623,0.0016794422272530057
2460428.526353964,0.963291075205382,0.0016814710251722312
2460428.526459518,0.96194628992562,0.0016862045543552858
2460428.526565072,0.9682477243728268,0.0016723384044760746
2460428.526670626,0.9591429548645075,0.001687965829867766
2460428.526776192,0.965851899871136,0.0016734652701392834
2460428.5268817456,0.961272930358203,0.001684226735846293
2460428.526987288,0.9665382840919282,0.001671356334438393
2460428.527092842,0.9624303928230658,0.0016820852750060434
2460428.527198408,0.9577696261393016,0.0016943395824523867
2460428.527303962,0.9625774354975027,0.001678906859944314
2460428.527409516,0.9674229168445686,0.0016703689408071878
2460428.5275150696,0.9645315735354564,0.0016758804604254814
2460428.527620624,0.9609490629990599,0.0016832039451014568
2460428.5277261776,0.9666892451106059,0.001674008372374747
2460428.527831732,0.9701496037883703,0.0016674804448003123
2460428.527937286,0.9610456715083434,0.0016828300620744046
2460428.5280428403,0.9625005411411076,0.001682135605723087
2460428.5281484053,0.9646082549974963,0.0016763073247337604
2460428.528253948,0.964310696993599,0.001680954465539189
2460428.528359502,0.9664617421549841,0.0016673000244838824
2460428.528465056,0.9638379251306446,0.001673968119152806
2460428.52857061,0.9618203816836757,0.0016788166382111817
2460428.5286761643,0.9616377939782044,0.0016797645739860202
2460428.528781718,0.9638499526096239,0.0016735027283752133
2460428.528887272,0.9629045628860663,0.0016701914192975816
2460428.5289928378,0.9578516335842118,0.0016898109171857077
2460428.529098392,0.9636598164477973,0.0016768992983264715
2460428.529203934,0.9664474029255073,0.0016708704026038718
2460428.529309488,0.9711439750996177,0.0016558829016683463
2460428.529415054,0.9688838225701527,0.001658044293420811
2460428.529520608,0.9719995764589724,0.00165108865273666
2460428.52962615,0.965518614820434,0.0016627588156868105
2460428.529731716,0.9647493136100818,0.001669608436226638
2460428.5298372703,0.9694396633189314,0.0016605564982895196
2460428.529942824,0.9606323652115667,0.0016850360498424487
2460428.530048378,0.9688930524264997,0.0016689605351805394
2460428.530153932,0.9646319909237538,0.001679967623110775
2460428.530259498,0.9629035820055634,0.001674855720118276
2460428.530365052,0.9701050387279477,0.0016620433510398658
2460428.530470594,0.9620649966324282,0.001679337574911951
2460428.530576148,0.9640274483772044,0.001673610198198902
2460428.530681713,0.967654977241723,0.0016656650370968458
2460428.530787268,0.967970014443968,0.00166551037448735
2460428.530892822,0.9656548895270494,0.0016670219747214432
2460428.530998364,0.9626471107858867,0.0016756286763320862
2460428.531103929,0.9690763445786879,0.001664190710306908
2460428.531209484,0.9690133522215634,0.0016625168032239363
2460428.531315038,0.9655328057852287,0.0016651213806628154
2460428.531420592,0.9601229729513466,0.0016823861428344022
2460428.531526146,0.9644629637277211,0.0016722124919689469
2460428.5316317114,0.969492493789715,0.0016596678137637375
2460428.531737253,0.968175685702234,0.0016684903902031332
2460428.531842808,0.9685463077857165,0.0016608091089986138
2460428.531948362,0.9661082413668994,0.001669008555360659
2460428.532053928,0.9676697254913815,0.0016675675035900234
2460428.532159481,0.9637094799581656,0.0016745202565371072
2460428.532265024,0.9667097102382358,0.0016699033128380683
2460428.532370578,0.967500932309857,0.0016703976703496175
2460428.5324761434,0.9601019896683588,0.001686645559675346
2460428.5325816977,0.9690560667047332,0.0016629251647872214
2460428.532687252,0.9706999263236653,0.0016583781517420426
2460428.532792805,0.9658397345612336,0.001670339300814816
2460428.5328983595,0.9659228288634295,0.0016740592125394362
2460428.5330039137,0.9690210654061097,0.0016581248401482068
2460428.533109468,0.9637896145887411,0.001678701827859254
2460428.5332150217,0.9709126473828097,0.0016640288406350415
2460428.533320576,0.9636888107036846,0.0016761425929118787
2460428.5334261414,0.9692265937506725,0.0016622132134981832
2460428.533531695,0.9670997789797321,0.0016634931022630518
2460428.5336372377,0.9685567939944625,0.001670201505014392
2460428.533742792,0.9632299880024944,0.0016816186816534693
2460428.5338483574,0.9672681523771742,0.0016792773724131497
2460428.533953911,0.9677454205939159,0.0016676893720028122
2460428.5340594538,0.966221732481423,0.001673367595397318
2460428.53416502,0.9655176868141583,0.0016730908423268362
2460428.5342705734,0.9675197035174801,0.001670689709995356
2460428.534376128,0.9636167186253647,0.001679930810193752
2460428.534481682,0.9667625890129271,0.0016730421899859326
2460428.534587235,0.966765541465379,0.0016702844081889058
2460428.5346927894,0.9676290205012146,0.0016686374685596882
2460428.534798344,0.9639947043419341,0.0016823102459317329
2460428.534903897,0.9652109805715476,0.0016810422144547012
2460428.535009452,0.9694970299497502,0.0016643235398591035
2460428.535115017,0.9696778702517718,0.0016634552566741287
2460428.535220572,0.9673494771760869,0.0016691824821206064
2460428.535326125,0.9672682271073836,0.0016713493604747882
2460428.535431668,0.9655505851839102,0.00167137808956512
2460428.5355372336,0.9651343511680798,0.0016750068903854545
2460428.535642788,0.9678123869584615,0.0016716723937570766
2460428.535748341,0.965820084210493,0.0016723114851334186
2460428.535853884,0.9678496814143075,0.0016694630190096302
2460428.535959449,0.9656285665843991,0.0016814826337298177
2460428.536065015,0.9661731851832479,0.0016711488296906512
2460428.536170569,0.9674681017256689,0.001673510580583538
2460428.536276112,0.9694753926897259,0.0016687338373044846
2460428.536381665,0.9689289549032077,0.001674309053129036
2460428.5364872194,0.9694216047290621,0.001670858921802658
2460428.5365927736,0.9678492058606053,0.001671114540879613
2460428.5366983274,0.9650646351129893,0.001678021171185926
2460428.5368038816,0.9677407699569824,0.001667131593927938
2460428.5369094354,0.9656787445617216,0.0016740207875696475
2460428.537015001,0.9670128474486303,0.0016681554311140157
2460428.537120555,0.964733847370101,0.0016725385762635363
2460428.5372260977,0.9703902811752293,0.0016608853101737998
2460428.5373316514,0.9683928370865008,0.0016689733604832086
2460428.5374372173,0.9691058866359176,0.0016620153553528034
2460428.537542771,0.9702824455109349,0.0016596198450139973
2460428.5376483137,0.9670113771999583,0.0016643718429528596
2460428.5377538675,0.9636344842843909,0.0016715042196087321
2460428.5378594333,0.9651976946417058,0.001672367264988783
2460428.537964988,0.9679969320899784,0.0016591263467778423
2460428.538070541,0.9635813788176448,0.0016778299133785389
2460428.538176095,0.9691181262159763,0.001659643694624416
2460428.5382816494,0.9667570250508365,0.0016636479011166232
2460428.538387203,0.9676380324769985,0.0016642925872657143
2460428.5384927574,0.9655780587594667,0.0016630008259086455
2460428.538598312,0.969060743325237,0.001657284929601668
2460428.538703865,0.9624988886721443,0.0016753053509435778
2460428.538809431,0.9693314781889066,0.0016604146009081106
2460428.538914985,0.9714513794495107,0.0016536692662623856
2460428.5390205397,0.9660999024634612,0.0016607279930552525
2460428.5391260814,0.970918468573221,0.0016579795196922742
2460428.539231647,0.966999486256228,0.0016630949583432684
2460428.539337201,0.9677506369438196,0.0016594685850844365
2460428.539442755,0.9702191949090652,0.0016556365980808579
2460428.5395482974,0.9700196571274567,0.0016562823833021893
2460428.5396538638,0.9668806115500499,0.0016605878587234544
2460428.539759428,0.9660805990364087,0.0016606124835867612
2460428.539864971,0.9683041204230183,0.0016563086529870024
2460428.539970525,0.9665175012926993,0.0016695583252891802
2460428.5400760905,0.9696040308538854,0.001657206606109998
2460428.5401816447,0.9667591300793371,0.0016621665350689027
2460428.540287188,0.9665168579252761,0.0016639405226205122
2460428.540392741,0.9666027672369393,0.0016585810005902016
2460428.5404983065,0.9646993885503725,0.0016656385205979399
2460428.5406038607,0.965746058330902,0.0016582705658961755
2460428.540709415,0.9660754877017738,0.0016623566988600955
2460428.5408149688,0.971484015953995,0.0016484977563836546
2460428.540920523,0.9677771413061873,0.0016575540236085475
2460428.541026077,0.971896169592362,0.0016504764843342126
2460428.5411316305,0.9677419882614594,0.0016544926259101805
2460428.541237185,0.9683202222807927,0.0016534280076594028
2460428.541342739,0.9665942327945801,0.00165842223943754
2460428.541448293,0.9648302232890292,0.001660963874319822
2460428.541553858,0.9670811667718042,0.0016599987642574136
2460428.541659401,0.9727322982747211,0.0016414306973262167
2460428.5417649546,0.96873374713596,0.001652736584462575
2460428.5418705205,0.963035272124802,0.0016707656540910516
2460428.5419760747,0.9663179433709675,0.0016622162178516855
2460428.542081617,0.966656917706959,0.0016633902911314187
2460428.542187171,0.966587796599132,0.001658321017767995
2460428.5422927365,0.9707195872057263,0.0016540668178916854
2460428.5423982902,0.966987612095608,0.0016702863707248362
2460428.5425038445,0.9682540194826524,0.0016630138448338243
2460428.5426093987,0.967319764524267,0.001665107004963601
2460428.542714953,0.9662477904211854,0.0016646501269345566
2460428.5428205063,0.9686296685721708,0.0016622422536914014
2460428.542926072,0.967645600719917,0.0016635657365747468
2460428.5430316147,0.9733336187932705,0.0016517871094917668
2460428.5431371685,0.9734175829051047,0.0016471994446830632
2460428.5432427227,0.9658883337056541,0.001667865513138716
2460428.543348288,0.9664150943326225,0.0016642919549661086
2460428.543453842,0.966598977432613,0.001671812253146775
2460428.543559396,0.9709717613453237,0.001657641840424033
2460428.5436649504,0.9714072215941791,0.00165709613908711
2460428.543770504,0.9678486245521128,0.0016678599756110083
2460428.543876047,0.966837998240706,0.001666448586338079
2460428.543981601,0.9704735977407796,0.001660291590011397
2460428.544087166,0.9668388544699923,0.001668822450346065
2460428.54419272,0.9710846455563161,0.0016624519183507046
2460428.544298263,0.9711036863323738,0.0016627386905154464
2460428.544403828,0.9668374071765083,0.0016675737767763046
2460428.544509382,0.9715606691591739,0.0016603013592177134
2460428.544614936,0.9706432975375072,0.001657902850455597
2460428.54472049,0.9673160958456375,0.001671769201008489
2460428.544826044,0.9742311346910368,0.001657531574685888
2460428.5449315985,0.9683822802002122,0.0016699134212418264
2460428.545037152,0.9692123502460983,0.0016648086353352333
2460428.545142706,0.9693736570559093,0.0016646340982464194
2460428.5452482603,0.9683940329790635,0.0016638971501238774
2460428.545353814,0.9672234929430307,0.001664909739224085
2460428.54545938,0.9677014660973996,0.0016640950001548518
2460428.545564934,0.9687164693163264,0.0016618398583967712
2460428.5456704767,0.9699001076516333,0.0016604099518339383
2460428.54577603,0.9689472116189437,0.001664663863729141
2460428.545881596,0.9668577606787916,0.0016717467184972255
2460428.54598715,0.9664202127458879,0.001673128663797953
2460428.5460926923,0.9721434080359602,0.001657326339437834
2460428.5461982465,0.9715357750755388,0.0016615155645802965
2460428.546303812,0.9685916038311722,0.0016618335603447467
2460428.5464093774,0.9706791472670667,0.0016558112101244878
2460428.54651492,0.9689474839982865,0.0016674676235513947
2460428.546620474,0.9657206339272771,0.0016635953115138333
2460428.546726028,0.9735887175937616,0.001651691460504531
2460428.5468315934,0.9678767803868902,0.0016622112114838435
2460428.546937136,0.97193500261307,0.001651005072469563
2460428.5470426898,0.970601126936086,0.0016599437645773928
2460428.547148244,0.9696146195348595,0.001655237733696776
2460428.54725381,0.9731018390214181,0.00164685784912036
2460428.547359364,0.9706792909794966,0.0016584639196507655
2460428.5474649174,0.9708649475916858,0.0016535356210555228
2460428.547570472,0.9700680344548017,0.0016516748940767704
2460428.5476760254,0.9709770841292603,0.0016511803750346105
2460428.54778158,0.9736651225172474,0.0016463591802358666
2460428.547887134,0.9737350823775666,0.001646785513890191
2460428.547992688,0.9747745669009773,0.0016412268647313553
2460428.548098253,0.9736804537258531,0.0016398979405779365
2460428.548203808,0.9756475280620727,0.0016354051970260484
2460428.548309349,0.9684879017151525,0.001652821097450148
2460428.548414904,0.9743202835035094,0.0016441790029459494
2460428.5485204696,0.9764477510660098,0.001637853276395145
2460428.548626023,0.9756594318869973,0.001636957751945397
2460428.548731565,0.9720067732143091,0.001650067831602433
2460428.54883712,0.971213423773234,0.0016516997871549564
2460428.548942673,0.9693781216238595,0.0016563578549609013
2460428.54904824,0.9721946534610019,0.0016533958390070498
2460428.5491537936,0.9728570779961192,0.0016500847078868286
2460428.549259347,0.973020156683563,0.0016482274628144384
2460428.549364901,0.9712575169520264,0.0016465688589489176
2460428.5494704554,0.9704680002911323,0.0016572545694687377
2460428.549576009,0.9714686627787994,0.0016584354506902635
2460428.5496815634,0.9673639145532141,0.0016554972435162342
2460428.5497871176,0.9733905549143483,0.0016464363964669687
2460428.549892671,0.9723889059128089,0.001651212371044344
2460428.549998237,0.9696403165119707,0.0016549785055585866
2460428.550103791,0.9732151083750444,0.0016491058046936133
2460428.550209333,0.9723553248657051,0.0016471167723873293
2460428.550314899,0.9725959378887975,0.0016436153217205195
2460428.550420453,0.9699971149148241,0.0016501078346454097
2460428.5505260066,0.9733021617496391,0.0016417152172864562
2460428.550631549,0.9762695183250848,0.00163793787907853
2460428.550737115,0.9752380609649142,0.0016375677929596128
2460428.550842669,0.9736891933309822,0.0016418666480911448
2460428.5509482343,0.976686935706411,0.0016335556727268003
2460428.551053777,0.974627690870104,0.0016373343483883098
2460428.55115933,0.9754691468257345,0.0016381946742885932
2460428.5512648965,0.9732694106815376,0.00164755753198663
2460428.5513704508,0.9725642267639903,0.0016473742535910003
2460428.551475993,0.9751198212298059,0.0016416895858268376
2460428.5515815467,0.9734771339237654,0.001638264416224555
2460428.551687101,0.9745885465281645,0.001643598782333319
2460428.5517926547,0.9763541260617112,0.0016361389365279495
2460428.551898209,0.9748637378700294,0.0016408461586710104
2460428.552003763,0.9737641060445136,0.0016458067539251097
2460428.552109328,0.9727633685577143,0.0016417020732135002
2460428.5522148823,0.9739581260872883,0.0016456076150193487
2460428.552320425,0.9741936126604805,0.0016396120070301956
2460428.5524259787,0.9755851655620872,0.0016417987076879582
2460428.5525315446,0.9746621151320264,0.0016397061291568663
2460428.552637099,0.9743813984706884,0.0016424377608565315
2460428.552742641,0.9796424898876405,0.0016280449536345437
2460428.5528482064,0.9778379658245892,0.0016372579181078179
2460428.55295376,0.9713434883293584,0.0016537195114429315
2460428.5530593144,0.9731776582803027,0.0016499014291171373
2460428.5531648686,0.9754397739339289,0.0016387640284593124
2460428.5532704224,0.9750362543464657,0.0016437123009528224
2460428.553375976,0.9773212276035774,0.0016325358100268024
2460428.5534815304,0.9737342282883222,0.001648273061295406
2460428.553587084,0.9697993703429374,0.0016597097464586769
2460428.5536926384,0.9766964132731455,0.0016431812590275239
2460428.5537982043,0.9730504272410323,0.0016523751470141333
2460428.5539037576,0.9756137818255395,0.0016486916965341228
2460428.554009312,0.9769278850880952,0.0016403369942866992
2460428.5541148544,0.9791375852200935,0.0016382461569796893
2460428.55422042,0.975184266782401,0.001642992123342758
2460428.554325974,0.9805248564833908,0.0016313594474336845
2460428.5544315283,0.9757773454473049,0.0016486787167493398
2460428.5545370704,0.9802907191432151,0.0016299201586721544
2460428.554642636,0.9743488433862643,0.0016428230865904612
2460428.5547482017,0.9807483578940883,0.0016286436012744676
2460428.5548537555,0.9772786747547263,0.0016410292935724
2460428.5549593098,0.9754374880568024,0.0016495026306151267
2460428.5550648523,0.980657506009773,0.001631955656238294
2460428.5551704057,0.9775389165205346,0.0016383919761425356
2460428.5552759715,0.9806564830808046,0.001629489075622386
2460428.555381526,0.9754705625376797,0.0016446940138613794
2460428.555487068,0.9769276368600708,0.0016378566294055687
2460428.555592634,0.9781440566106907,0.001635514189323944
2460428.555698188,0.9821675990652449,0.0016218978854518383
2460428.5558037413,0.9836669059381353,0.001624620627094856
2460428.555909296,0.9857784365180443,0.0016147174871498885
2460428.5560148493,0.9798365847288566,0.0016254279761925648
2460428.556120404,0.9807306268084214,0.001632117054912367
2460428.556225958,0.9869392298256807,0.001610947341456945
2460428.556331511,0.9801379330729694,0.0016306627755275365
2460428.5564370654,0.9831815918380944,0.0016218855639861893
2460428.5565426312,0.9809165051306831,0.00162636434063683
2460428.556648185,0.9796295437570234,0.0016303336626462917
2460428.556753728,0.9831471666818716,0.0016210173143502388
2460428.556859282,0.9814093944851332,0.0016272364362803478
2460428.556964835,0.9861423185887671,0.0016138329536482072
2460428.557070401,0.9873691799772842,0.0016087589371548076
2460428.5571759557,0.9826254368708895,0.0016207789708484696
2460428.5572814974,0.9846094674772962,0.0016117039972348552
2460428.557387052,0.9809588380568718,0.0016179442915943527
2460428.5574926287,0.9862509342515897,0.001607749353836562
2460428.557598171,0.9858574758889224,0.0016099434795940404
2460428.557703725,0.9859424439650721,0.0016112043514003535
2460428.557809279,0.9858714472015729,0.0016097059954755793
2460428.5579148447,0.9865113465362066,0.0016109614389225833
2460428.558020388,0.9851196808441508,0.0016167610708901713
2460428.5581259406,0.9848532395871725,0.0016122249264427253
2460428.558231495,0.9885762823540759,0.0015996658426924075
2460428.5583370607,0.9880042367401818,0.0016066562701275897
2460428.5584426145,0.9839291444270185,0.0016117108963751463
2460428.5585481687,0.9864510662262913,0.0016029425621926772
2460428.5586537225,0.9894234914960037,0.0016014058635961483
2460428.5587592763,0.9910337213588409,0.0016002997449457814
2460428.5588648305,0.9908792795764846,0.0015982494636025788
2460428.5589703848,0.9903123742684792,0.00160297064830803
2460428.5590759385,0.990263660956523,0.0015966611869535365
2460428.559181481,0.9905444998802916,0.0015979337586008219
2460428.5592870465,0.9921578228824867,0.0015963304209605973
2460428.559392612,0.9876357317593674,0.001605902311990319
2460428.5594981546,0.9908900329452306,0.0015984975118915352
2460428.5596037083,0.991370487373772,0.00160191345744377
2460428.5597092626,0.9919097652800041,0.0015981214694438185
2460428.5598148163,0.9923428260895568,0.0015986665486410403
2460428.55992037,0.9921842046222267,0.001600912296536804
2460428.5600259244,0.9917988708379779,0.00159414733024138
2460428.5601314786,0.9912982467375802,0.0015993786023988327
2460428.560237044,0.9951033347803498,0.0015889584308938882
2460428.5603425866,0.9915643517606989,0.0015949851047356656
2460428.5604481404,0.9916548022743938,0.0015987059470644925
2460428.560553706,0.9938689149524471,0.0015884626999461916
2460428.56065926,0.9944893729187885,0.0015878136244494496
2460428.5607648026,0.9940376534687577,0.001590485971386365
2460428.5608703564,0.993053058800133,0.0015880396424222875
2460428.560975922,0.991882421031901,0.001598772725004125
2460428.561081476,0.9909172737619611,0.001603209502718592
2460428.561187041,0.9939621095020567,0.0015940511918114306
2460428.561292584,0.9943329974916358,0.0015939056847928976
2460428.561398138,0.9975599379381939,0.0015816529361343558
2460428.561503692,0.9965095444744503,0.0015858721743457088
2460428.561609257,0.9983929017753694,0.0015870081233977087
2460428.5617148,0.996038287565294,0.001594584750682276
2460428.561820354,0.9957586044295748,0.0015883051268546792
2460428.561925908,1.0034139373726876,0.0015733193393650546
2460428.562031473,0.997122876337641,0.001587367541947153
2460428.5621370277,0.9988901751502126,0.0015858415868156063
2460428.562242581,0.9983728583534281,0.001585828662545283
2460428.5623481357,0.9936014291913992,0.0015929992004394388
2460428.562453689,0.9991118412471716,0.0015839609177001849
2460428.5625592438,1.0004308140257425,0.0015811402055278785
2460428.562664797,0.9993236614562426,0.0015835982259693163
2460428.562770352,0.9973899115173186,0.001587693232029303
2460428.562875905,0.999144915690027,0.0015812796622551597
2460428.56298146,0.9949355485627016,0.0015957110287572974
2460428.5630870136,1.0028098366979645,0.001572203533382349
2460428.563192568,0.9957600190585604,0.0015921329055290142
2460428.5632981327,0.9992802524829802,0.00158429432923008
2460428.5634036865,0.9992833305419615,0.0015829676348754896
2460428.563509229,0.9981130838033558,0.001584298952376472
2460428.563614784,1.000453113545741,0.0015774897827394367
2460428.5637203488,1.0000371013161315,0.001580593818359908
2460428.563825903,0.9992705564536939,0.0015735324972012152
2460428.5639314456,0.9962405620410695,0.0015834057681585732
2460428.5640370105,0.9984024914173788,0.00157955962030734
2460428.564142565,1.0001170896533598,0.0015755571810286972
2460428.5642481185,0.9992425416789379,0.0015804642625043125
2460428.564353673,1.0015334669119287,0.0015720271512239163
2460428.564459227,1.0017344648827837,0.0015733644847330459
2460428.5645647803,1.0017638982063348,0.0015753557379004903
2460428.5646703346,1.0036964014416703,0.0015753653614363988
2460428.564775889,0.9966316953128593,0.001584030131511094
2460428.5648814426,0.9999215838729181,0.0015809409682151971
2460428.564986997,0.9992841678640905,0.0015795382891465055
2460428.565092562,0.9977439595794191,0.0015807281939927333
2460428.565198116,1.0000382820242935,0.0015763720604642063
2460428.5653036702,1.0051019601222946,0.0015673009345943485
2460428.565409224,0.9981564195332828,0.0015800874887958818
2460428.5655147783,0.9989615029450076,0.0015797709844402087
2460428.565620321,0.9984375621259673,0.0015857008117350824
2460428.565725886,0.9998189255972678,0.0015769844300513695
2460428.5658314284,0.9979024873856337,0.0015822658870251597
2460428.565937006,0.9969052958834177,0.0015896039959080496
2460428.56604256,1.0023787478156203,0.001573696371486535
2460428.566148114,0.9998425337058303,0.0015801447130141485
2460428.566253667,0.9986807680242948,0.001585422603113806
2460428.56635921,0.9969351415513705,0.0015840344839322406
2460428.566464764,0.9991166341275344,0.0015823187282041926
2460428.566570318,1.0032140699756928,0.001576252426169673
2460428.566675872,1.001887033281587,0.0015730528657349728
2460428.566781437,0.9979197233086499,0.0015818021001954706
2460428.5668869917,1.0008416119685135,0.0015745332650433028
2460428.566992545,1.0005211132591574,0.001576061232763199
2460428.5670980997,0.9983148639781327,0.001582242295024674
2460428.567203653,0.9994900126894817,0.0015774977675015991
2460428.567309208,1.0030301771047674,0.001574386246893619
2460428.567414761,1.001958470810445,0.0015708956946085104
2460428.5675203158,1.0008210823044734,0.0015789883665888744
2460428.567625869,1.0006449571101237,0.0015753111740088837
2460428.567731424,1.0010066566907698,0.0015752887531639375
2460428.567836977,1.0047070978435924,0.0015696983116992693
2460428.567942532,0.9964423075968025,0.0015897667615570549
2460428.568048085,1.0011919219758767,0.0015772362160347134
2460428.56815364,1.0016618909833417,0.0015760452132402838
2460428.568259193,0.9988767795915805,0.0015836436735072095
2460428.568364748,0.999528704183184,0.0015843275047689874
2460428.5684703016,1.000379782084654,0.001587670614457751
2460428.568575856,1.0014427360827243,0.0015810432967701775
2460428.5686814208,0.9982032925126982,0.0015868675613279102
2460428.5687869745,1.0018425511985325,0.0015788526432941648
2460428.568892529,0.9989574556289469,0.0015864859272576477
2460428.568998083,1.0010865370749398,0.0015815589581311908
2460428.569103637,1.0001946575899123,0.0015816332068619213
2460428.5692091906,1.0028776536528772,0.0015783733394780404
2460428.569314745,1.001670915056866,0.0015789012684757641
2460428.5694202986,1.0008787267206967,0.0015781594549406734
2460428.569525853,1.0004533956520343,0.0015824631208320047
2460428.569631418,0.9997899608053571,0.001588476702219283
2460428.569736972,0.9963769039491828,0.0015933623169402695
2460428.569842526,1.0039490621409028,0.0015810864348233542
2460428.56994808,1.000164636919101,0.001584835368197227
2460428.5700536342,0.9996419371568406,0.0015855234651565241
2460428.570159188,0.9999058314686955,0.0015858591583750327
2460428.5702647422,0.9995414516593413,0.0015857310359029236
2460428.570370296,1.0012230721748867,0.0015752436622937622
2460428.57047585,1.0021901637688448,0.0015766303272174145
2460428.570581404,0.9980169464817183,0.0015887296282404025
2460428.5706869583,0.9997244879402749,0.001583101058675665
2460428.570792512,0.9962369494066672,0.0015875389457213672
2460428.5708980663,0.9999377407541179,0.0015769759110568517
2460428.57100362,0.999287256459531,0.0015812973044418493
2460428.571109174,0.999916451820076,0.0015811704177211836
2460428.571214728,0.9952954168100577,0.0015905412176109802
2460428.571320282,1.0007205556635563,0.0015802214934366766
2460428.571425836,1.0012181675270906,0.0015777306780082549
2460428.5715313903,1.0019532170198504,0.0015765809207750447
2460428.571636944,1.0040073427731813,0.0015670394394230376
2460428.571742498,1.001953578726944,0.0015706023889755765
2460428.571848052,0.9981200799486529,0.0015887842294222442
2460428.571953617,1.0009092071796009,0.0015760952266835307
2460428.57205916,0.9993089918333153,0.0015899862691042585
2460428.572164725,0.9988250963445613,0.001584434686648629
2460428.572270268,1.0005904856415015,0.0015780522377599941
2460428.572375833,1.0002150104230456,0.0015764326474403216
2460428.5724813878,1.0002449766513068,0.001581130885311086
2460428.572586941,1.000180989449158,0.001584409296632485
2460428.572692496,0.9979923489665101,0.001585464408878252
2460428.572798049,1.0030266841641045,0.0015766266348664223
2460428.572903603,1.0021613404534448,0.0015788169413202902
2460428.573009157,0.9999593200667092,0.0015766404794903624
2460428.573114712,1.003947811208616,0.0015717730373049122
2460428.573220265,0.997985094478435,0.0015850679709933607
2460428.573325819,0.9967471460025925,0.001588662490195444
2460428.5734313847,1.0001137280522274,0.0015856648962039822
2460428.573536927,1.0001266882932873,0.0015779482734103356
2460428.5736424928,0.9978566186319124,0.0015869002863039192
2460428.573748035,0.9972305961528689,0.001591571393625787
2460428.5738536003,1.0035523707903413,0.0015797406656053363
2460428.573959143,0.9990995370014815,0.001581163449651855
2460428.5740647083,0.9969634374401701,0.001587829448317812
2460428.574170251,1.0020726247979226,0.0015836095566424098
2460428.5742758163,0.9968589548575859,0.0015936131676490028
2460428.5743813706,1.0030048370234756,0.0015798720920284254
2460428.574486936,0.9976252117489355,0.0015886766925216603
2460428.574592478,1.0023225953003545,0.001582055879629216
2460428.5746980323,1.0050564811175973,0.00157715429192734
2460428.574803586,1.0006021086609278,0.001593112082421052
2460428.574909152,1.0012526448251635,0.0015907897446724118
2460428.5750146946,1.0008867787653377,0.0015946844494922588
2460428.575120248,1.0034189877105968,0.0015886019383134578
2460428.575225814,1.0028381124215697,0.0015878871169910107
2460428.575331368,0.9981161901424447,0.0015961685955569174
2460428.575436922,0.9998229977460753,0.0015941066976451997
2460428.575542476,0.9962584964098329,0.0016049387957157984
2460428.5756480293,1.0031135252388343,0.001585458472724683
2460428.575753584,0.9989337097531878,0.0015989525441524133
2460428.575859138,1.0005570834677542,0.0015914662320857045
2460428.575964692,0.9988237878224548,0.001596518609365814
2460428.576070246,1.0045260908114564,0.0015804820287999815
2460428.576175811,0.9996427065574811,0.0015922545851922902
2460428.5762813534,0.9996668544706369,0.0015958480093426224
2460428.5763869192,1.0017110125043447,0.0015911730631923632
2460428.5764924614,1.0002282156643514,0.001593987502388436
2460428.5765980277,1.0014952949428277,0.0015914626438130646
2460428.5767035694,0.9966694901916133,0.0016004151274031137
2460428.576809135,0.9988329642718321,0.0015928985757884316
2460428.5769146774,1.0018503051989818,0.001587611555181507
2460428.577020243,0.9996976825956534,0.0015911060657252936
2460428.577125797,1.0012221441748692,0.0015939796535116963
2460428.577231351,0.9982821312863044,0.0015965576640014517
2460428.577336905,1.0003463790228067,0.001594286097798318
2460428.577442459,0.9993452810512,0.0015901707343208464
2460428.5775480126,1.0022201839326588,0.0015893761946624695
2460428.577653567,0.998075537764562,0.0015984859931293467
2460428.5777591206,1.003796521772381,0.0015860694213867773
2460428.577864675,0.9983769436874375,0.0015934216717936804
2460428.577970229,0.9991547116451813,0.0015917018430194898
2460428.578075794,0.9958925263685254,0.00159761286927333
2460428.5781813366,1.0000286904538356,0.0015940962857981756
2460428.578286902,0.9987931516893376,0.0015995727964422304
2460428.5783924563,1.0007557779833745,0.0015874564358132634
2460428.5784980105,0.9967980898513491,0.0016001447236751482
2460428.5786035527,0.9975877457394977,0.0015930938977210306
2460428.5787091064,1.0023554220307735,0.0015833158881420632
2460428.578814672,1.0020496712483802,0.0015841444420413098
2460428.5789202377,0.9981646177648349,0.0015933392996261356
2460428.5790257803,0.9975512786263359,0.0015986671676672933
2460428.579131334,1.0008414810318962,0.0015862604970921128
2460428.579236888,1.0042604180296049,0.0015752260058101426
2460428.5793424416,1.0003678162166678,0.0015905838679819843
2460428.579447996,1.0035128313780497,0.0015797943678702573
2460428.57955355,0.9991145085806141,0.0015859061015038851
2460428.579659104,1.0002347360226387,0.0015841701453679778
2460428.579764658,0.9965874054072899,0.0015918381086893788
2460428.579870223,0.9985356658937703,0.0015828789977227501
2460428.5799757657,1.003087480643262,0.0015738482626527794
2460428.5800813315,0.9987883436605924,0.0015788832241855207
2460428.5801868737,1.001241667425264,0.0015792534088756459
2460428.58029244,0.9969687706963855,0.0015854802527761863
2460428.580397981,1.0038655357645216,0.0015712281365969744
2460428.580503547,1.0014239444260251,0.001580275679103126
2460428.580609089,0.9969060659895532,0.001581611345074508
2460428.580714655,1.0012570512883294,0.0015736927973396466
2460428.5808202093,1.0009953682369912,0.0015726320240830596
2460428.5809257627,1.0028763924365456,0.0015701097275857
2460428.581031317,0.9992320927163252,0.0015802391134325344
2460428.5811368707,0.9959245298464263,0.0015849137034478346
2460428.581242425,1.003224207620076,0.001564863969349444
2460428.581347979,0.9968463812154096,0.0015866294528035466
2460428.581453533,0.9983859288763215,0.0015821009148625428
2460428.5815590867,0.9997221240985603,0.0015763088897077933
2460428.5816646405,1.0007549396649926,0.0015797397234217784
2460428.5817702063,0.9978053535730049,0.0015808751438035381
2460428.5818757606,1.001089689735205,0.0015733991670864212
2460428.5819813143,1.0000590860104648,0.0015777820242639255
2460428.582086857,0.9968152696972465,0.0015796311738980775
2460428.582192422,0.9985790151497853,0.0015732366014936576
2460428.582297976,0.997817348579231,0.0015782912073420182
2460428.5824035304,0.9986712510839206,0.001580319492748571
2460428.5825090725,1.00099429948143,0.0015714697407422863
2460428.5826146384,0.9997022092279939,0.0015705650578059238
2460428.582720192,0.9987964087408829,0.0015724100969501673
2460428.5828257576,1.0027036831775658,0.0015648579926186487
2460428.5829313,1.0012906770299554,0.0015695497119012857
2460428.5830368656,0.9986617538117009,0.0015803553075532098
2460428.583142408,0.995909234543223,0.0015833192448309332
2460428.583247973,0.9988065971004718,0.0015756907169346994
2460428.583353516,1.000680752598952,0.001566928256251241
2460428.583459081,1.0025572276623453,0.0015662151340843893
2460428.583564624,0.998277344684251,0.0015775372108689806
2460428.5836701896,0.9985026078280437,0.0015743374175560976
2460428.5837757434,0.9992168711846174,0.00157794968873928
2460428.583881297,1.0011796335062682,0.0015730945935826094
2460428.583986851,0.9978041098100123,0.0015775340968006467
2460428.584092405,0.9968570542389494,0.0015779818575254996
2460428.5841979594,0.9987650344761787,0.0015745638149172268
2460428.584303513,0.9989769620115487,0.0015724959617852757
2460428.5844090674,0.9954036941853782,0.0015815364677488444
2460428.5845146207,0.9969913292637445,0.001579520524624266
2460428.584620175,0.9967730258116176,0.0015771214596150777
2460428.5847257404,0.9958677392478326,0.0015772229463176587
2460428.584831283,0.9998906648818093,0.0015757747672633755
2460428.584936849,1.0003774848507327,0.001572033298759581
2460428.585042391,1.0004436219477368,0.0015730441277007907
2460428.5851479564,1.0003247462158127,0.0015713895124825931
2460428.5852534985,1.0019009460676038,0.0015697256756958531
2460428.5853590644,1.0004382247544024,0.001574154806187224
2460428.585464618,1.0012668921024477,0.0015684165098179418
2460428.5855701724,0.9984503143374026,0.0015748633654093132
2460428.585675726,1.0016621876964589,0.0015672496854677385
2460428.585781292,0.9985705776338718,0.001578780974685483
2460428.585886834,0.996041585376215,0.0015813771279653485
2460428.5859923763,1.0041008954667285,0.0015656197823620938
2460428.586097942,0.997856248107454,0.001581869371348363
2460428.586203508,0.998165356374102,0.0015798426603920723
2460428.5863090497,1.0019588136852273,0.0015778926341304745
2460428.586414616,1.0005663932307138,0.0015756781558323271
2460428.5865201694,1.00301978668782,0.0015666202832964485
2460428.586625712,0.9998595802965196,0.001577736470225965
2460428.5867312774,1.0029913091758962,0.0015689020806477134
2460428.58683682,1.0040103026703375,0.0015652087933748038
2460428.5869423854,1.0003637926344042,0.0015742872530442465
2460428.5870479275,0.9968636535193898,0.0015837973263383347
2460428.5871534934,1.0022420755092765,0.0015722567150060847
2460428.587259036,0.9935166423595404,0.0015903881230024122
2460428.587364601,0.9980412759572992,0.001577665544797967
2460428.587470155,1.000608844696447,0.0015737893969339754
2460428.587575709,0.9972841370974206,0.0015870587094283875
2460428.587681263,0.9996849316905028,0.001582318560704373
2460428.587786817,1.0009753507476609,0.0015793991953941592
2460428.587892371,1.0026572299853556,0.0015749652545454828
2460428.5879979245,1.0002323454834574,0.0015802895689863365
2460428.588103479,1.0024201029424282,0.0015742356809738819
2460428.588209033,1.0001232858241003,0.001579114383160929
2460428.588314587,0.999918996906374,0.001576254174910464
2460428.5884201527,0.9993136287684588,0.0015807251381609602
2460428.588525695,0.9985589276758842,0.0015818803262300973
2460428.58863126,1.0014671580577623,0.0015717802086392405
2460428.5887368023,0.9990409538945519,0.0015813985584496406
2460428.588842368,0.9987193734860143,0.0015812570846302184
2460428.588947911,1.0005207057480172,0.0015750708402178192
2460428.589053476,0.9995697476718624,0.0015813046419546146
2460428.589159019,0.9988493483458809,0.0015857718861989171
2460428.5892645954,1.0000148619092528,0.0015832563259064272
2460428.589370138,1.0036168235436034,0.0015766934474635366
2460428.589475692,0.9921057965910903,0.0015971768147229736
2460428.589581246,1.0000728802115837,0.001582416209206673
2460428.5896868114,0.9994607585247841,0.0015866716793347365
2460428.5897923536,1.0000489591187494,0.001585716582761706
2460428.589897908,1.0022541571440016,0.0015761169326252884
2460428.5900034616,1.0013628443086742,0.00157939431346718
2460428.5901090275,1.000939475077551,0.001578095228165943
2460428.590214581,1.0021105136767092,0.0015808073864704486
2460428.590320135,1.0010400436761593,0.0015782263054988188
2460428.590425689,1.0027215430667196,0.0015774114965639316
2460428.590531243,0.9961975260965596,0.0015918059887918491
2460428.590636797,1.0035736111546139,0.0015815802315150363
2460428.590742351,1.00112314436103,0.0015867796137732538
2460428.5908479053,0.9967964134960778,0.0015948820506199988
2460428.5909534586,0.999178069808137,0.0015939120191749698
2460428.591059013,0.9989636557060202,0.001590505030469289
2460428.5911645787,0.9956501484598007,0.0015978952083831638
2460428.591270121,1.0013569872058885,0.0015876084842477384
2460428.5913756867,1.00468257484681,0.0015812916369880735
2460428.591481229,0.9983473976880437,0.0015946554692809179
2460428.5915867942,0.9998692487908449,0.0015876928762662355
2460428.5916923364,1.0029010450645242,0.00158496033246468
2460428.5917979022,1.0015356300403797,0.0015868955763592573
2460428.591903445,0.9973939544910464,0.0015959207466271343
2460428.5920090103,0.9995194812721644,0.0015881342545257002
2460428.592114564,1.0005533983809438,0.0015880683171091488
2460428.592220118,1.0018477048463341,0.0015852008761547765
2460428.592325672,1.0006327301513072,0.0015863879266236626
2460428.592431226,0.9988117357915296,0.0015873242374512722
2460428.59253678,1.002636004160731,0.0015828073374252935
2460428.592642334,1.0007485206514946,0.0015891657801773951
2460428.592747888,1.0070808070790658,0.0015759657184306758
2460428.592853442,0.9965869271753598,0.0015980042075502904
2460428.592958996,1.0002733509059025,0.0015976150165369276
2460428.593064561,1.0019603977910718,0.0015929967210206145
2460428.5931701157,1.001944259278625,0.0015982942878613733
2460428.593275669,0.9997174650777108,0.0016035598342860175
2460428.593381211,0.9999582194056735,0.0015958874801528706
2460428.593486777,1.0009192766920587,0.0015969744083558462
2460428.5935923317,1.005846468853694,0.001589235188310478
2460428.593697885,1.0025192495610913,0.0015953432833610791
2460428.593803428,0.9992870750098348,0.0016060637191604834
2460428.593909004,0.9993866760881005,0.0016050495182306306
2460428.594014547,0.9997918127194048,0.0015980939294483192
2460428.594120112,0.9992978011172227,0.0015994982591505797
2460428.594225655,1.000901868277033,0.0015965313096135904
2460428.5943312203,1.0000850175548741,0.0015936359246436977
2460428.594436763,1.0031016146022411,0.0015928492407369906
2460428.5945423166,1.001429956213017,0.001596208344751418
2460428.5946478704,0.9993014798053423,0.0015970750067331662
2460428.5947534246,0.9981463130001236,0.001605910347420854
2460428.59485899,1.0018655774571836,0.001594908477572917
2460428.5949645326,0.9993701711267158,0.0016012666987918864
2460428.5950700976,1.000033298008151,0.0015949448635936068
2460428.59517564,1.0014580768180839,0.001595842431324696
2460428.595281206,1.0010064566776478,0.0015962265086116297
2460428.595386748,1.0015497941914988,0.0015934275904646333
2460428.595492314,1.0026023389156884,0.0015943831131715923
2460428.595597856,1.0031759754180447,0.0015939846108377431
2460428.5957034216,0.9986902908496726,0.001599141424854494
2460428.5958089754,0.9961033723710002,0.0016106020274237593
2460428.5959145296,0.998592583265288,0.0016090121104124979
2460428.5960200834,1.0000481218962296,0.0016026433716727231
2460428.5961256376,1.0046815336157502,0.0015958922054673467
2460428.5962311914,1.0032486963443874,0.0015975170753352965
2460428.596336745,0.9958120285166014,0.001613500757109769
2460428.5964422994,0.9965575852834447,0.001610712083398436
2460428.596547853,1.003398210604722,0.0015961268458491165
2460428.5966534074,1.0024496291103195,0.0015958088030421436
2460428.5967589724,0.9984810020121548,0.0016043370946226543
2460428.596864515,1.0001442620803402,0.0015997669247552243
2460428.5969700804,1.002914652594777,0.0015947969878973957
2460428.597075634,1.0010261049279476,0.0016015054132004628
2460428.597181189,1.0025079765925717,0.001594936675174762
2460428.597286731,1.0011932033174795,0.0015976530453095598
2460428.5973922964,1.004469430231674,0.001591599349394518
2460428.59749785,0.9984698854124829,0.001600334022437116
2460428.5976034044,1.0001688184674318,0.001600435563390987
2460428.5977089466,1.0019011685959829,0.0015957232068647767
2460428.5978145124,1.0031655442124372,0.0015920179821493337
2460428.597920066,0.9997354480980511,0.0015981857122514917
2460428.59802562,0.9992267008983708,0.0016045914772041894
2460428.598131186,1.0027628480418032,0.0015945900344016002
2460428.59823674,0.9995221473640403,0.0016039437720826637
2460428.598342294,1.0033873989047826,0.0015924198258916256
2460428.598447848,0.9970300288394389,0.0016056207136127942
2460428.5985534014,1.0030445268631971,0.001592192974805696
2460428.598658955,1.0023473393476023,0.0015959164423764419
2460428.5987645094,0.9977774508731323,0.0016066454608217146
2460428.598870063,0.9986929478946918,0.0016093583080158474
2460428.598975617,1.0007156802989872,0.001604680982514761
2460428.599081171,1.0013463915013365,0.0016063304970470264
2460428.599186725,0.9959049670448479,0.0016173892632077647
2460428.599292279,1.0007551441776266,0.0016001059299035703
2460428.599397833,0.9978411668986815,0.0016114582497451318
2460428.599503387,1.0009036532321343,0.0016049891718978855
2460428.599608941,1.0060501208990136,0.0015878615367495284
2460428.5997144952,1.001836798084081,0.0016020203157630917
2460428.5998200485,1.0037319462111414,0.0015974517493829066
2460428.599925603,1.0001112415775473,0.0015995590138189652
2460428.600031168,0.9993777070847905,0.0016011414711256762
2460428.600136734,1.0038219141429157,0.0015980583136208223
2460428.6002422767,0.9996215252017691,0.0016035833395284301
2460428.60034783,1.0047293160019415,0.0015898546797832446
2460428.600453384,0.9991516834713041,0.0016023083065378676
2460428.6005589496,1.000761867610235,0.0015959106974141749
2460428.600664492,1.0027183183359125,0.0015948593406526926
2460428.600770046,0.9978558056312303,0.0016053317258669976
2460428.6008756,1.0011216104789293,0.001594683040391659
2460428.600981165,0.999663158695135,0.0016005357257544153
2460428.601086708,0.9987432213397125,0.0016068585029654107
2460428.6011922616,1.0043568231680173,0.0015932384084162456
2460428.601297816,1.0002823573883672,0.0015988786724962188
2460428.601403381,1.0008731085526958,0.0016021005508250722
2460428.601508924,1.0032134376320876,0.0015952843900441842
2460428.601614466,1.0003318342170437,0.0016010351617010117
2460428.601720032,0.9997504389662133,0.0016028749693605077
2460428.601825609,0.9996989710774267,0.0016042396688408132
2460428.601931151,1.0012092600605504,0.001602621703832943
2460428.6020367164,0.9956906342954773,0.0016154599422805325
2460428.6021422585,0.9988289643818893,0.001605579360842765
2460428.6022478244,0.9985367317225586,0.0016086933827453758
2460428.6023533666,1.0041937011316002,0.0015927786758374593
2460428.602458921,0.998871101966909,0.0016048624768192066
2460428.6025644746,0.9965296657403329,0.0016131913255863714
2460428.6026700283,0.9976848218304779,0.0016113605196100235
2460428.6027755826,0.9978269517148945,0.0016058931992955726
2460428.6028811364,1.0027699584408005,0.0015924888029639013
2460428.6029866906,0.9984193107961807,0.001603052002687544
2460428.6030922444,0.9985718106226438,0.001602143621520274
2460428.6031977986,1.0025800514164955,0.0015940879541288754
2460428.603303352,0.9998463553225958,0.0016011929679279478
2460428.603408906,0.9985214079320799,0.0016016768994523175
2460428.60351446,0.999046654332794,0.0016017462384237651
2460428.603620014,0.9997606526076563,0.0016059995268023549
2460428.60372558,0.9989153684415293,0.001603744480631765
2460428.6038311333,1.0058313255482023,0.0015903751495158589
2460428.603936687,1.0009864894973257,0.0016063355069176725
2460428.604042253,0.9995105697161994,0.0016021720167557843
2460428.604147796,1.005084153801831,0.0015897463793672023
2460428.6042533494,0.9981555180783086,0.0016031522405326006
2460428.604358904,1.0034876822577816,0.0015939952328010614
2460428.6044644685,0.9989278108922768,0.0016054284475023738
2460428.604570011,0.9952456669786902,0.0016152611116802833
2460428.604675565,1.0010667055750204,0.0016042946292700749
2460428.604781119,0.9939466043295151,0.0016270655119454858
2460428.604886685,0.9945515558824326,0.0016250720938118862
2460428.604992227,1.002955164096962,0.0016005802431361747
2460428.6050977805,0.998860329415791,0.0016066620562460304
2460428.6052033347,0.9979789352071957,0.001611956356945424
2460428.6053089,1.0026752895666153,0.001606010496862068
2460428.6054144427,0.9968211918701659,0.0016217953355751968
2460428.605519997,0.9966829318679151,0.001622177079020241
2460428.605625562,0.9988046808841384,0.0016120231081818027
2460428.605731128,0.9963626529970222,0.0016227475792997626
2460428.60583667,0.9966333284432036,0.0016141063002251149
2460428.605942236,0.9977146599916698,0.0016125936174192766
2460428.606047778,1.0010277888209567,0.001606996577753854
2460428.606153344,0.9970414422192957,0.0016196179698919483
2460428.606258885,0.998108319327583,0.0016182061311024963
2460428.606364452,1.000049184794779,0.001606776974144601
2460428.606469993,0.9981426998437339,0.0016136978289749393
2460428.60657556,0.9996001178469622,0.0016167850515339348
2460428.606681101,1.0033756767876048,0.0016027678409322884
2460428.606786667,1.0013786001146328,0.0016111112130712136
2460428.606892209,1.0047309656918386,0.0016123229520995982
2460428.606997775,1.0064151305321374,0.0016168669634096082
2460428.607103317,1.0005470272620236,0.0016332803986208978
2460428.607208883,0.9993389739490837,0.0016250954342376736
2460428.607314425,0.9953741155082867,0.001645368241271835
2460428.607420002,0.999566137743235,0.0016382423841008835
2460428.6075255563,0.9974866955387123,0.001818949281205823
2460428.60763111,1.0008000712232603,0.0021026196584925183
2460428.6077366527,1.001774996413141,0.0021725783249410746
2460428.607842218,0.9933668142144875,0.00211876582517843
2460428.607947772,0.9955515673481775,0.0034001733705317314
2460428.6080533257,0.9945795735865811,0.0032972994501185163
2460428.6081588683,0.9993585247462131,0.0027077798090211084
2460428.6082644337,0.9989780610163232,0.001974387721008667
2460428.608369988,1.0017706497617718,0.002144684605995161
2460428.608686649,1.0066069669628182,0.0019361357283692365
2460428.6090033,0.9991580202673525,0.002385330210709133
2460428.6091088657,1.000393672971546,0.002023673877485
2460428.609214419,1.004980900566177,0.0021336783758157817
2460428.6094255387,1.0013392461245334,0.0019649344864099017
2460428.609531093,1.0028822786409888,0.002275952552901633
2460428.6096366467,0.9995465292359373,0.0022778320239753972
2460428.6098477542,1.0056344412979783,0.0016845762525322901
2460428.6100588623,0.9971514504312404,0.0033645580392696293
2460428.61026997,0.9998306276800695,0.004692123324931069
2460428.6103755124,1.0022995941801447,0.003305769650825736
2460428.6111144014,1.0034631540418275,0.0021415262806396117
2460428.611219956,0.9980369826106177,0.0020220805384284783
2460428.611325521,0.9970127411940164,0.003195919857583803
2460428.611536629,1.0000303982947363,0.005321907161329593
2460428.611747737,1.0011596193202212,0.002344000031755183
2460428.611853291,1.0048563554679744,0.0018262957988020043
2460428.611958845,0.9966596973477087,0.0018930246149412439
2460428.612064387,1.0056193316426274,0.0017263394969418532
2460428.6121699526,0.9995386275731502,0.0016703826859992591
2460428.6122755064,1.0019203954133935,0.0016078048740379685
2460428.6123810606,0.9998351544734212,0.0016193321540435596
2460428.6125921686,1.005359919268923,0.0019465399159545819
2460428.612697722,1.0038343066857047,0.0017373927215608555
2460428.612803276,1.0032061166085742,0.001928010492032475
2460428.6129088183,0.9978783381333709,0.002012343072924562
2460428.613014396,0.9978462104507095,0.001748813559033204
2460428.613225504,1.0012994437435394,0.0015996514696612523
2460428.613331057,1.0017347370646603,0.001580621475355436
2460428.613542165,0.998798847109343,0.0015901726410228424
2460428.6136477194,1.000421464405003,0.0015769174102820947
2460428.613753273,1.0028677507122508,0.0015702875371953952
2460428.613858827,0.9970927286772089,0.0015887059405140696
2460428.6139643807,1.0009667405166194,0.001596480694706582
2460428.614069935,1.0008047804163613,0.0015943820482608678
2460428.6141754887,0.9999827552234515,0.0016161450395480528
2460428.614281043,0.9976073621552826,0.0016342450792093263
2460428.6144921505,0.9980136657280709,0.0016721344509029949
2460428.6145977043,0.9998367249384448,0.0016057965887273176
2460428.6147032585,1.0012851641880651,0.0015853864250264908
2460428.6149143893,0.9978006770226151,0.0016092883977157112
2460428.615019932,1.0043794596169648,0.0015938621738458758
2460428.6151254857,0.9975396972961628,0.001592974921568281
